{
    "0C5UQbWzwg8": 25.0,
    "0FQXicAGy5U": 25.0,
    "0FkuRwU8HFc": 29.97002997002997,
    "0GL5r3HVAZ0": 23.976024050422,
    "0JGarsZE1rk": 24.0,
    "0LxPAY9yis8": 23.976024042571375,
    "0akiEFwtkyA": 25.0,
    "0bop3D7SdDM": 29.97,
    "0d6iSvF1UmA": 24.0,
    "0hzSUUdTDUA": 25.0,
    "0iTehgSOZ8A": 29.97002997002997,
    "1BHOflzxPjI": 25.0
}
