{
    "02-01-05-01-01-01-01": 29.97002997002997,
    "02-01-05-01-01-01-02": 29.97002997002997,
    "02-01-05-01-01-02-01": 29.97002997002997,
    "02-01-05-01-01-02-02": 29.97002997002997,
    "02-01-05-01-02-01-01": 29.97002997002997,
    "02-01-05-01-02-01-02": 29.97002997002997,
    "02-01-05-01-02-02-01": 29.97002997002997,
    "02-01-05-01-02-02-02": 29.97002997002997,
    "02-01-08-01-01-01-01": 29.97002997002997,
    "02-01-08-01-01-01-02": 29.97002997002997,
    "02-01-08-01-01-02-01": 29.97002997002997,
    "02-01-08-01-01-02-02": 29.97002997002997,
    "02-01-08-01-02-01-01": 29.97002997002997,
    "02-01-08-01-02-01-02": 29.97002997002997,
    "02-01-08-01-02-02-01": 29.97002997002997,
    "02-01-08-01-02-02-02": 29.97002997002997
}