{
    "02-01-05-01-01-01-01": 29.97002997002997,
    "02-01-05-01-01-01-02": 29.97002997002997,
    "02-01-05-01-01-01-03": 29.97002997002997,
    "02-01-05-01-01-01-04": 29.97002997002997,
    "02-01-05-01-01-01-05": 29.97002997002997,
    "02-01-05-01-01-01-06": 29.97002997002997,
    "02-01-05-01-01-01-07": 29.97002997002997,
    "02-01-05-01-01-01-08": 29.97002997002997,
    "02-01-05-01-01-01-09": 29.97002997002997,
    "02-01-05-01-01-01-10": 29.97002997002997,
    "02-01-05-01-01-01-11": 29.97002997002997,
    "02-01-05-01-01-01-12": 29.97002997002997,
    "02-01-05-01-01-01-13": 29.97002997002997,
    "02-01-05-01-01-01-14": 29.97002997002997,
    "02-01-05-01-01-01-15": 29.97002997002997,
    "02-01-05-01-01-01-16": 29.97002997002997,
    "02-01-05-01-01-01-17": 29.97002997002997,
    "02-01-05-01-01-01-18": 29.97002997002997,
    "02-01-05-01-01-01-19": 29.97002997002997,
    "02-01-05-01-01-01-20": 29.97002997002997,
    "02-01-05-01-01-01-21": 29.97002997002997,
    "02-01-05-01-01-01-22": 29.97002997002997,
    "02-01-05-01-01-01-23": 29.97002997002997,
    "02-01-05-01-01-01-24": 29.97002997002997,
    "02-01-05-01-01-02-01": 29.97002997002997,
    "02-01-05-01-01-02-02": 29.97002997002997,
    "02-01-05-01-01-02-03": 29.97002997002997,
    "02-01-05-01-01-02-04": 29.97002997002997,
    "02-01-05-01-01-02-05": 29.97002997002997,
    "02-01-05-01-01-02-06": 29.97002997002997,
    "02-01-05-01-01-02-07": 29.97002997002997,
    "02-01-05-01-01-02-08": 29.97002997002997,
    "02-01-05-01-01-02-09": 29.97002997002997,
    "02-01-05-01-01-02-10": 29.97002997002997,
    "02-01-05-01-01-02-11": 29.97002997002997,
    "02-01-05-01-01-02-12": 29.97002997002997,
    "02-01-05-01-01-02-13": 29.97002997002997,
    "02-01-05-01-01-02-14": 29.97002997002997,
    "02-01-05-01-01-02-15": 29.97002997002997,
    "02-01-05-01-01-02-16": 29.97002997002997,
    "02-01-05-01-01-02-17": 29.97002997002997,
    "02-01-05-01-01-02-18": 29.97002997002997,
    "02-01-05-01-01-02-19": 29.97002997002997,
    "02-01-05-01-01-02-20": 29.97002997002997,
    "02-01-05-01-01-02-21": 29.97002997002997,
    "02-01-05-01-01-02-22": 29.97002997002997,
    "02-01-05-01-01-02-23": 29.97002997002997,
    "02-01-05-01-01-02-24": 29.97002997002997,
    "02-01-05-01-02-01-01": 29.97002997002997,
    "02-01-05-01-02-01-02": 29.97002997002997,
    "02-01-05-01-02-01-03": 29.97002997002997,
    "02-01-05-01-02-01-04": 29.97002997002997,
    "02-01-05-01-02-01-05": 29.97002997002997,
    "02-01-05-01-02-01-06": 29.97002997002997,
    "02-01-05-01-02-01-07": 29.97002997002997,
    "02-01-05-01-02-01-08": 29.97002997002997,
    "02-01-05-01-02-01-09": 29.97002997002997,
    "02-01-05-01-02-01-10": 29.97002997002997,
    "02-01-05-01-02-01-11": 29.97002997002997,
    "02-01-05-01-02-01-12": 29.97002997002997,
    "02-01-05-01-02-01-13": 29.97002997002997,
    "02-01-05-01-02-01-14": 29.97002997002997,
    "02-01-05-01-02-01-15": 29.97002997002997,
    "02-01-05-01-02-01-16": 29.97002997002997,
    "02-01-05-01-02-01-17": 29.97002997002997,
    "02-01-05-01-02-01-18": 29.97002997002997,
    "02-01-05-01-02-01-19": 29.97002997002997,
    "02-01-05-01-02-01-20": 29.97002997002997,
    "02-01-05-01-02-01-21": 29.97002997002997,
    "02-01-05-01-02-01-22": 29.97002997002997,
    "02-01-05-01-02-01-23": 29.97002997002997,
    "02-01-05-01-02-01-24": 29.97002997002997,
    "02-01-05-01-02-02-01": 29.97002997002997,
    "02-01-05-01-02-02-02": 29.97002997002997,
    "02-01-05-01-02-02-03": 29.97002997002997,
    "02-01-05-01-02-02-04": 29.97002997002997,
    "02-01-05-01-02-02-05": 29.97002997002997,
    "02-01-05-01-02-02-06": 29.97002997002997,
    "02-01-05-01-02-02-07": 29.97002997002997,
    "02-01-05-01-02-02-08": 29.97002997002997,
    "02-01-05-01-02-02-09": 29.97002997002997,
    "02-01-05-01-02-02-10": 29.97002997002997,
    "02-01-05-01-02-02-11": 29.97002997002997,
    "02-01-05-01-02-02-12": 29.97002997002997,
    "02-01-05-01-02-02-13": 29.97002997002997,
    "02-01-05-01-02-02-14": 29.97002997002997,
    "02-01-05-01-02-02-15": 29.97002997002997,
    "02-01-05-01-02-02-16": 29.97002997002997,
    "02-01-05-01-02-02-17": 29.97002997002997,
    "02-01-05-01-02-02-18": 29.97002997002997,
    "02-01-05-01-02-02-19": 29.97002997002997,
    "02-01-05-01-02-02-20": 29.97002997002997,
    "02-01-05-01-02-02-21": 29.97002997002997,
    "02-01-05-01-02-02-22": 29.97002997002997,
    "02-01-05-01-02-02-23": 29.97002997002997,
    "02-01-05-01-02-02-24": 29.97002997002997,
    "02-01-08-01-01-01-01": 29.97002997002997,
    "02-01-08-01-01-01-02": 29.97002997002997,
    "02-01-08-01-01-01-03": 29.97002997002997,
    "02-01-08-01-01-01-04": 29.97002997002997,
    "02-01-08-01-01-01-05": 29.97002997002997,
    "02-01-08-01-01-01-06": 29.97002997002997,
    "02-01-08-01-01-01-07": 29.97002997002997,
    "02-01-08-01-01-01-08": 29.97002997002997,
    "02-01-08-01-01-01-09": 29.97002997002997,
    "02-01-08-01-01-01-10": 29.97002997002997,
    "02-01-08-01-01-01-11": 29.97002997002997,
    "02-01-08-01-01-01-12": 29.97002997002997,
    "02-01-08-01-01-01-13": 29.97002997002997,
    "02-01-08-01-01-01-14": 29.97002997002997,
    "02-01-08-01-01-01-15": 29.97002997002997,
    "02-01-08-01-01-01-16": 29.97002997002997,
    "02-01-08-01-01-01-17": 29.97002997002997,
    "02-01-08-01-01-01-18": 29.97002997002997,
    "02-01-08-01-01-01-19": 29.97002997002997,
    "02-01-08-01-01-01-20": 29.97002997002997,
    "02-01-08-01-01-01-21": 29.97002997002997,
    "02-01-08-01-01-01-22": 29.97002997002997,
    "02-01-08-01-01-01-23": 29.97002997002997,
    "02-01-08-01-01-01-24": 29.97002997002997,
    "02-01-08-01-01-02-01": 29.97002997002997,
    "02-01-08-01-01-02-02": 29.97002997002997,
    "02-01-08-01-01-02-03": 29.97002997002997,
    "02-01-08-01-01-02-04": 29.97002997002997,
    "02-01-08-01-01-02-05": 29.97002997002997,
    "02-01-08-01-01-02-06": 29.97002997002997,
    "02-01-08-01-01-02-07": 29.97002997002997,
    "02-01-08-01-01-02-08": 29.97002997002997,
    "02-01-08-01-01-02-09": 29.97002997002997,
    "02-01-08-01-01-02-10": 29.97002997002997,
    "02-01-08-01-01-02-11": 29.97002997002997,
    "02-01-08-01-01-02-12": 29.97002997002997,
    "02-01-08-01-01-02-13": 29.97002997002997,
    "02-01-08-01-01-02-14": 29.97002997002997,
    "02-01-08-01-01-02-15": 29.97002997002997,
    "02-01-08-01-01-02-16": 29.97002997002997,
    "02-01-08-01-01-02-17": 29.97002997002997,
    "02-01-08-01-01-02-18": 29.97002997002997,
    "02-01-08-01-01-02-19": 29.97002997002997,
    "02-01-08-01-01-02-20": 29.97002997002997,
    "02-01-08-01-01-02-21": 29.97002997002997,
    "02-01-08-01-01-02-22": 29.97002997002997,
    "02-01-08-01-01-02-23": 29.97002997002997,
    "02-01-08-01-01-02-24": 29.97002997002997,
    "02-01-08-01-02-01-01": 29.97002997002997,
    "02-01-08-01-02-01-02": 29.97002997002997,
    "02-01-08-01-02-01-03": 29.97002997002997,
    "02-01-08-01-02-01-04": 29.97002997002997,
    "02-01-08-01-02-01-05": 29.97002997002997,
    "02-01-08-01-02-01-06": 29.97002997002997,
    "02-01-08-01-02-01-07": 29.97002997002997,
    "02-01-08-01-02-01-08": 29.97002997002997,
    "02-01-08-01-02-01-09": 29.97002997002997,
    "02-01-08-01-02-01-10": 29.97002997002997,
    "02-01-08-01-02-01-11": 29.97002997002997,
    "02-01-08-01-02-01-12": 29.97002997002997,
    "02-01-08-01-02-01-13": 29.97002997002997,
    "02-01-08-01-02-01-14": 29.97002997002997,
    "02-01-08-01-02-01-15": 29.97002997002997,
    "02-01-08-01-02-01-16": 29.97002997002997,
    "02-01-08-01-02-01-17": 29.97002997002997,
    "02-01-08-01-02-01-18": 29.97002997002997,
    "02-01-08-01-02-01-19": 29.97002997002997,
    "02-01-08-01-02-01-20": 29.97002997002997,
    "02-01-08-01-02-01-21": 29.97002997002997,
    "02-01-08-01-02-01-22": 29.97002997002997,
    "02-01-08-01-02-01-23": 29.97002997002997,
    "02-01-08-01-02-01-24": 29.97002997002997,
    "02-01-08-01-02-02-01": 29.97002997002997,
    "02-01-08-01-02-02-02": 29.97002997002997,